{
"lengthUnit": "mil",
"components": {
	"fields": ["COMPONENT_NO", "COMPONENT_NAME", "LAYER", "X_COORDINATE", "Y_COORDINATE", "ANGLE"],
	"rows": [
		[1, "C1", "B", 830, 575, 180],
		[2, "D1", "B", 830, 350, 0],
		[3, "D2", "B", 830, 700, 0],
		[4, "H1", "B", 1175, 472, 270],
		[5, "OLED1", "T", 85, 472, 0],
		[6, "R1", "B", 810, 465, 0],
		[7, "R2", "B", 815, 230, 0],
		[8, "SW1", "T", 1815, 475, 0],
		[9, "U", "B", 1025, 470, 270]
	]
},
"pins": {
	"fields": ["PIN_NO", "PIN_NAME", "PIN_X", "PIN_Y", "LAYER", "PIN_TYPE", "NET_NAME", "NET_TYPE", "PAD_SHAPE", "PAD_SIZEX", "PAD_SIZEY", "HOLE_SIZE", "PAD_ANGLE"],
	"rows": [
		[1, "C1_1", 928.42, 575, "T", "DIP", "+5V", "", "C", 62.99, 62.99, 39.37, 180],
		[2, "C1_1", 928.42, 575, "B", "DIP", "+5V", "", "C", 62.99, 62.99, 39.37, 180],
		[3, "C1_2", 731.58, 575, "T", "DIP", "GND", "GND", "C", 62.99, 62.99, 39.37, 180],
		[4, "C1_2", 731.58, 575, "B", "DIP", "GND", "GND", "C", 62.99, 62.99, 39.37, 180],
		[5, "D1_1", 658.74, 350, "T", "DIP", "$1N1209", "", "C", 70.87, 70.87, 39.37, 0],
		[6, "D1_1", 658.74, 350, "B", "DIP", "$1N1209", "", "C", 70.87, 70.87, 39.37, 0],
		[7, "D1_2", 1001.26, 350, "T", "DIP", "GND", "GND", "C", 70.87, 70.87, 39.37, 0],
		[8, "D1_2", 1001.26, 350, "B", "DIP", "GND", "GND", "C", 70.87, 70.87, 39.37, 0],
		[9, "D2_1", 658.74, 700, "T", "DIP", "$1N1402", "", "C", 70.87, 70.87, 39.37, 0],
		[10, "D2_1", 658.74, 700, "B", "DIP", "$1N1402", "", "C", 70.87, 70.87, 39.37, 0],
		[11, "D2_2", 1001.26, 700, "T", "DIP", "+5V", "", "C", 70.87, 70.87, 39.37, 0],
		[12, "D2_2", 1001.26, 700, "B", "DIP", "+5V", "", "C", 70.87, 70.87, 39.37, 0],
		[13, "H1_1", 1175, 722, "T", "DIP", "+5V", "", "R", 66.93, 66.93, 43.31, 270],
		[14, "H1_1", 1175, 722, "B", "DIP", "+5V", "", "R", 66.93, 66.93, 43.31, 270],
		[15, "H1_2", 1175, 622, "T", "DIP", "SIG", "", "C", 66.93, 66.93, 43.31, 270],
		[16, "H1_2", 1175, 622, "B", "DIP", "SIG", "", "C", 66.93, 66.93, 43.31, 270],
		[17, "H1_3", 1175, 522, "T", "DIP", "GND", "GND", "C", 66.93, 66.93, 43.31, 270],
		[18, "H1_3", 1175, 522, "B", "DIP", "GND", "GND", "C", 66.93, 66.93, 43.31, 270],
		[19, "H1_4", 1175, 422, "T", "DIP", "+5V", "", "C", 66.93, 66.93, 43.31, 270],
		[20, "H1_4", 1175, 422, "B", "DIP", "+5V", "", "C", 66.93, 66.93, 43.31, 270],
		[21, "H1_5", 1175, 322, "T", "DIP", "SIG", "", "C", 66.93, 66.93, 43.31, 270],
		[22, "H1_5", 1175, 322, "B", "DIP", "SIG", "", "C", 66.93, 66.93, 43.31, 270],
		[23, "H1_6", 1175, 222, "T", "DIP", "GND", "GND", "C", 66.93, 66.93, 43.31, 270],
		[24, "H1_6", 1175, 222, "B", "DIP", "GND", "GND", "C", 66.93, 66.93, 43.31, 270],
		[25, "OLED1_1", 85, 322, "T", "DIP", "GND", "GND", "C", 62, 62, 32, 180],
		[26, "OLED1_1", 85, 322, "B", "DIP", "GND", "GND", "C", 62, 62, 32, 180],
		[27, "OLED1_2", 85, 422, "T", "DIP", "VCC3.3", "", "C", 62, 62, 32, 180],
		[28, "OLED1_2", 85, 422, "B", "DIP", "VCC3.3", "", "C", 62, 62, 32, 180],
		[29, "OLED1_3", 85, 522, "T", "DIP", "$1N1465", "", "C", 62, 62, 32, 180],
		[30, "OLED1_3", 85, 522, "B", "DIP", "$1N1465", "", "C", 62, 62, 32, 180],
		[31, "OLED1_4", 85, 622, "T", "DIP", "$1N1461", "", "C", 62, 62, 32, 180],
		[32, "OLED1_4", 85, 622, "B", "DIP", "$1N1461", "", "C", 62, 62, 32, 180],
		[33, "R1_1", 610, 465, "T", "DIP", "$1N1209", "", "C", 74, 74, 35.4, 0],
		[34, "R1_1", 610, 465, "B", "DIP", "$1N1209", "", "C", 74, 74, 35.4, 0],
		[35, "R1_2", 1010, 465, "T", "DIP", "SIG", "", "C", 74, 74, 35.4, 0],
		[36, "R1_2", 1010, 465, "B", "DIP", "SIG", "", "C", 74, 74, 35.4, 0],
		[37, "R2_1", 615, 230, "T", "DIP", "GND", "GND", "C", 74, 74, 35.4, 0],
		[38, "R2_1", 615, 230, "B", "DIP", "GND", "GND", "C", 74, 74, 35.4, 0],
		[39, "R2_2", 1015, 230, "T", "DIP", "$1N1209", "", "C", 74, 74, 35.4, 0],
		[40, "R2_2", 1015, 230, "B", "DIP", "$1N1209", "", "C", 74, 74, 35.4, 0],
		[41, "SW1_1", 1690.98, 563.58, "T", "DIP", "$1N1689", "", "C", 70.87, 70.87, 47.24, 0],
		[42, "SW1_1", 1690.98, 563.58, "B", "DIP", "$1N1689", "", "C", 70.87, 70.87, 47.24, 0],
		[43, "SW1_2", 1939.02, 563.58, "T", "DIP", "SW1_2", "", "C", 70.87, 70.87, 47.24, 0],
		[44, "SW1_2", 1939.02, 563.58, "B", "DIP", "SW1_2", "", "C", 70.87, 70.87, 47.24, 0],
		[45, "SW1_3", 1690.98, 386.42, "T", "DIP", "GND", "GND", "C", 70.87, 70.87, 47.24, 0],
		[46, "SW1_3", 1690.98, 386.42, "B", "DIP", "GND", "GND", "C", 70.87, 70.87, 47.24, 0],
		[47, "SW1_4", 1939.02, 386.42, "T", "DIP", "SW1_4", "", "C", 70.87, 70.87, 47.24, 0],
		[48, "SW1_4", 1939.02, 386.42, "B", "DIP", "SW1_4", "", "C", 70.87, 70.87, 47.24, 0],
		[49, "U_1", 75, 855.43, "B", "SMD", "U_1", "", "R", 137.79, 66.93, 0, 270],
		[50, "U_1", 75, 820, "T", "DIP", "U_A_1", "", "C", 66.93, 66.93, 40.16, 270],
		[51, "U_1", 75, 820, "B", "DIP", "U_A_1", "", "C", 66.93, 66.93, 40.16, 270],
		[52, "U_2", 175, 855.43, "B", "SMD", "U_2", "", "R", 137.79, 66.93, 0, 270],
		[53, "U_2", 175, 820, "T", "DIP", "U_A_2", "", "C", 66.93, 66.93, 40.16, 270],
		[54, "U_2", 175, 820, "B", "DIP", "U_A_2", "", "C", 66.93, 66.93, 40.16, 270],
		[55, "U_3", 275, 855.43, "B", "SMD", "GND", "GND", "R", 137.79, 66.93, 0, 270],
		[56, "U_3", 275, 820, "T", "DIP", "GND", "GND", "R", 66.93, 66.93, 40.16, 270],
		[57, "U_3", 275, 820, "B", "DIP", "GND", "GND", "R", 66.93, 66.93, 40.16, 270],
		[58, "U_4", 375, 855.43, "B", "SMD", "U_4", "", "R", 137.79, 66.93, 0, 270],
		[59, "U_4", 375, 820, "T", "DIP", "U_A_4", "", "C", 66.93, 66.93, 40.16, 270],
		[60, "U_4", 375, 820, "B", "DIP", "U_A_4", "", "C", 66.93, 66.93, 40.16, 270],
		[61, "U_5", 475, 855.43, "B", "SMD", "U_5", "", "R", 137.79, 66.93, 0, 270],
		[62, "U_5", 475, 820, "T", "DIP", "U_A_5", "", "C", 66.93, 66.93, 40.16, 270],
		[63, "U_5", 475, 820, "B", "DIP", "U_A_5", "", "C", 66.93, 66.93, 40.16, 270],
		[64, "U_6", 575, 855.43, "B", "SMD", "$1N1461", "", "R", 137.79, 66.93, 0, 270],
		[65, "U_6", 575, 820, "T", "DIP", "$1N1461", "", "C", 66.93, 66.93, 40.16, 270],
		[66, "U_6", 575, 820, "B", "DIP", "$1N1461", "", "C", 66.93, 66.93, 40.16, 270],
		[67, "U_7", 675, 855.43, "B", "SMD", "$1N1465", "", "R", 137.79, 66.93, 0, 270],
		[68, "U_7", 675, 820, "T", "DIP", "$1N1465", "", "C", 66.93, 66.93, 40.16, 270],
		[69, "U_7", 675, 820, "B", "DIP", "$1N1465", "", "C", 66.93, 66.93, 40.16, 270],
		[70, "U_8", 775, 855.43, "B", "SMD", "GND", "GND", "R", 137.79, 66.93, 0, 270],
		[71, "U_8", 775, 820, "T", "DIP", "GND", "GND", "R", 66.93, 66.93, 40.16, 270],
		[72, "U_8", 775, 820, "B", "DIP", "GND", "GND", "R", 66.93, 66.93, 40.16, 270],
		[73, "U_9", 875, 855.43, "B", "SMD", "U_9", "", "R", 137.79, 66.93, 0, 270],
		[74, "U_9", 875, 820, "T", "DIP", "U_A_9", "", "C", 66.93, 66.93, 40.16, 270],
		[75, "U_9", 875, 820, "B", "DIP", "U_A_9", "", "C", 66.93, 66.93, 40.16, 270],
		[76, "U_10", 975, 855.43, "B", "SMD", "U_10", "", "R", 137.79, 66.93, 0, 270],
		[77, "U_10", 975, 820, "T", "DIP", "U_A_10", "", "C", 66.93, 66.93, 40.16, 270],
		[78, "U_10", 975, 820, "B", "DIP", "U_A_10", "", "C", 66.93, 66.93, 40.16, 270],
		[79, "U_11", 1075, 855.43, "B", "SMD", "U_11", "", "R", 137.79, 66.93, 0, 270],
		[80, "U_11", 1075, 820, "T", "DIP", "U_A_11", "", "C", 66.93, 66.93, 40.16, 270],
		[81, "U_11", 1075, 820, "B", "DIP", "U_A_11", "", "C", 66.93, 66.93, 40.16, 270],
		[82, "U_12", 1175, 855.43, "B", "SMD", "U_12", "", "R", 137.79, 66.93, 0, 270],
		[83, "U_12", 1175, 820, "T", "DIP", "U_A_12", "", "C", 66.93, 66.93, 40.16, 270],
		[84, "U_12", 1175, 820, "B", "DIP", "U_A_12", "", "C", 66.93, 66.93, 40.16, 270],
		[85, "U_13", 1275, 855.43, "B", "SMD", "GND", "GND", "R", 137.79, 66.93, 0, 270],
		[86, "U_13", 1275, 820, "T", "DIP", "GND", "GND", "R", 66.93, 66.93, 40.16, 270],
		[87, "U_13", 1275, 820, "B", "DIP", "GND", "GND", "R", 66.93, 66.93, 40.16, 270],
		[88, "U_14", 1375, 855.43, "B", "SMD", "U_14", "", "R", 137.79, 66.93, 0, 270],
		[89, "U_14", 1375, 820, "T", "DIP", "U_A_14", "", "C", 66.93, 66.93, 40.16, 270],
		[90, "U_14", 1375, 820, "B", "DIP", "U_A_14", "", "C", 66.93, 66.93, 40.16, 270],
		[91, "U_15", 1475, 855.43, "B", "SMD", "U_15", "", "R", 137.79, 66.93, 0, 270],
		[92, "U_15", 1475, 820, "T", "DIP", "U_A_15", "", "C", 66.93, 66.93, 40.16, 270],
		[93, "U_15", 1475, 820, "B", "DIP", "U_A_15", "", "C", 66.93, 66.93, 40.16, 270],
		[94, "U_16", 1575, 855.43, "B", "SMD", "U_16", "", "R", 137.79, 66.93, 0, 270],
		[95, "U_16", 1575, 820, "T", "DIP", "U_A_16", "", "C", 66.93, 66.93, 40.16, 270],
		[96, "U_16", 1575, 820, "B", "DIP", "U_A_16", "", "C", 66.93, 66.93, 40.16, 270],
		[97, "U_17", 1675, 855.43, "B", "SMD", "U_17", "", "R", 137.79, 66.93, 0, 270],
		[98, "U_17", 1675, 820, "T", "DIP", "U_A_17", "", "C", 66.93, 66.93, 40.16, 270],
		[99, "U_17", 1675, 820, "B", "DIP", "U_A_17", "", "C", 66.93, 66.93, 40.16, 270],
		[100, "U_18", 1775, 855.43, "B", "SMD", "GND", "GND", "R", 137.79, 66.93, 0, 270],
		[101, "U_18", 1775, 820, "T", "DIP", "GND", "GND", "R", 66.93, 66.93, 40.16, 270],
		[102, "U_18", 1775, 820, "B", "DIP", "GND", "GND", "R", 66.93, 66.93, 40.16, 270],
		[103, "U_19", 1875, 855.43, "B", "SMD", "U_19", "", "R", 137.79, 66.93, 0, 270],
		[104, "U_19", 1875, 820, "T", "DIP", "U_A_19", "", "C", 66.93, 66.93, 40.16, 270],
		[105, "U_19", 1875, 820, "B", "DIP", "U_A_19", "", "C", 66.93, 66.93, 40.16, 270],
		[106, "U_20", 1975, 855.43, "B", "SMD", "$1N1689", "", "R", 137.79, 66.93, 0, 270],
		[107, "U_20", 1975, 820, "T", "DIP", "$1N1689", "", "C", 66.93, 66.93, 40.16, 270],
		[108, "U_20", 1975, 820, "B", "DIP", "$1N1689", "", "C", 66.93, 66.93, 40.16, 270],
		[109, "U_21", 1975, 84.57, "B", "SMD", "U_21", "", "R", 137.79, 66.93, 0, 270],
		[110, "U_21", 1975, 120, "T", "DIP", "U_A_21", "", "C", 66.93, 66.93, 40.16, 270],
		[111, "U_21", 1975, 120, "B", "DIP", "U_A_21", "", "C", 66.93, 66.93, 40.16, 270],
		[112, "U_22", 1875, 84.57, "B", "SMD", "U_22", "", "R", 137.79, 66.93, 0, 270],
		[113, "U_22", 1875, 120, "T", "DIP", "U_A_22", "", "C", 66.93, 66.93, 40.16, 270],
		[114, "U_22", 1875, 120, "B", "DIP", "U_A_22", "", "C", 66.93, 66.93, 40.16, 270],
		[115, "U_23", 1775, 84.57, "B", "SMD", "GND", "GND", "R", 137.79, 66.93, 0, 270],
		[116, "U_23", 1775, 120, "T", "DIP", "GND", "GND", "R", 66.93, 66.93, 40.16, 270],
		[117, "U_23", 1775, 120, "B", "DIP", "GND", "GND", "R", 66.93, 66.93, 40.16, 270],
		[118, "U_24", 1675, 84.57, "B", "SMD", "U_24", "", "R", 137.79, 66.93, 0, 270],
		[119, "U_24", 1675, 120, "T", "DIP", "U_A_24", "", "C", 66.93, 66.93, 40.16, 270],
		[120, "U_24", 1675, 120, "B", "DIP", "U_A_24", "", "C", 66.93, 66.93, 40.16, 270],
		[121, "U_25", 1575, 84.57, "B", "SMD", "U_25", "", "R", 137.79, 66.93, 0, 270],
		[122, "U_25", 1575, 120, "T", "DIP", "U_A_25", "", "C", 66.93, 66.93, 40.16, 270],
		[123, "U_25", 1575, 120, "B", "DIP", "U_A_25", "", "C", 66.93, 66.93, 40.16, 270],
		[124, "U_26", 1475, 84.57, "B", "SMD", "U_26", "", "R", 137.79, 66.93, 0, 270],
		[125, "U_26", 1475, 120, "T", "DIP", "U_A_26", "", "C", 66.93, 66.93, 40.16, 270],
		[126, "U_26", 1475, 120, "B", "DIP", "U_A_26", "", "C", 66.93, 66.93, 40.16, 270],
		[127, "U_27", 1375, 84.57, "B", "SMD", "U_27", "", "R", 137.79, 66.93, 0, 270],
		[128, "U_27", 1375, 120, "T", "DIP", "U_A_27", "", "C", 66.93, 66.93, 40.16, 270],
		[129, "U_27", 1375, 120, "B", "DIP", "U_A_27", "", "C", 66.93, 66.93, 40.16, 270],
		[130, "U_28", 1275, 84.57, "B", "SMD", "GND", "GND", "R", 137.79, 66.93, 0, 270],
		[131, "U_28", 1275, 120, "T", "DIP", "GND", "GND", "R", 66.93, 66.93, 40.16, 270],
		[132, "U_28", 1275, 120, "B", "DIP", "GND", "GND", "R", 66.93, 66.93, 40.16, 270],
		[133, "U_29", 1175, 84.57, "B", "SMD", "U_29", "", "R", 137.79, 66.93, 0, 270],
		[134, "U_29", 1175, 120, "T", "DIP", "U_A_29", "", "C", 66.93, 66.93, 40.16, 270],
		[135, "U_29", 1175, 120, "B", "DIP", "U_A_29", "", "C", 66.93, 66.93, 40.16, 270],
		[136, "U_30", 1075, 84.57, "B", "SMD", "U_30", "", "R", 137.79, 66.93, 0, 270],
		[137, "U_30", 1075, 120, "T", "DIP", "U_A_30", "", "C", 66.93, 66.93, 40.16, 270],
		[138, "U_30", 1075, 120, "B", "DIP", "U_A_30", "", "C", 66.93, 66.93, 40.16, 270],
		[139, "U_31", 975, 84.57, "B", "SMD", "$1N1209", "", "R", 137.79, 66.93, 0, 270],
		[140, "U_31", 975, 120, "T", "DIP", "$1N1209", "", "C", 66.93, 66.93, 40.16, 270],
		[141, "U_31", 975, 120, "B", "DIP", "$1N1209", "", "C", 66.93, 66.93, 40.16, 270],
		[142, "U_32", 875, 84.57, "B", "SMD", "U_32", "", "R", 137.79, 66.93, 0, 270],
		[143, "U_32", 875, 120, "T", "DIP", "U_A_32", "", "C", 66.93, 66.93, 40.16, 270],
		[144, "U_32", 875, 120, "B", "DIP", "U_A_32", "", "C", 66.93, 66.93, 40.16, 270],
		[145, "U_33", 775, 84.57, "B", "SMD", "GND", "GND", "R", 137.79, 66.93, 0, 270],
		[146, "U_33", 775, 120, "T", "DIP", "GND", "GND", "R", 66.93, 66.93, 40.16, 270],
		[147, "U_33", 775, 120, "B", "DIP", "GND", "GND", "R", 66.93, 66.93, 40.16, 270],
		[148, "U_34", 675, 84.57, "B", "SMD", "U_34", "", "R", 137.79, 66.93, 0, 270],
		[149, "U_34", 675, 120, "T", "DIP", "U_A_34", "", "C", 66.93, 66.93, 40.16, 270],
		[150, "U_34", 675, 120, "B", "DIP", "U_A_34", "", "C", 66.93, 66.93, 40.16, 270],
		[151, "U_35", 575, 84.57, "B", "SMD", "U_35", "", "R", 137.79, 66.93, 0, 270],
		[152, "U_35", 575, 120, "T", "DIP", "U_A_35", "", "C", 66.93, 66.93, 40.16, 270],
		[153, "U_35", 575, 120, "B", "DIP", "U_A_35", "", "C", 66.93, 66.93, 40.16, 270],
		[154, "U_36", 475, 84.57, "B", "SMD", "VCC3.3", "", "R", 137.79, 66.93, 0, 270],
		[155, "U_36", 475, 120, "T", "DIP", "VCC3.3", "", "C", 66.93, 66.93, 40.16, 270],
		[156, "U_36", 475, 120, "B", "DIP", "VCC3.3", "", "C", 66.93, 66.93, 40.16, 270],
		[157, "U_37", 375, 84.57, "B", "SMD", "U_37", "", "R", 137.79, 66.93, 0, 270],
		[158, "U_37", 375, 120, "T", "DIP", "U_A_37", "", "C", 66.93, 66.93, 40.16, 270],
		[159, "U_37", 375, 120, "B", "DIP", "U_A_37", "", "C", 66.93, 66.93, 40.16, 270],
		[160, "U_38", 275, 84.57, "B", "SMD", "GND", "GND", "R", 137.79, 66.93, 0, 270],
		[161, "U_38", 275, 120, "T", "DIP", "GND", "GND", "R", 66.93, 66.93, 40.16, 270],
		[162, "U_38", 275, 120, "B", "DIP", "GND", "GND", "R", 66.93, 66.93, 40.16, 270],
		[163, "U_39", 175, 84.57, "B", "SMD", "$1N1402", "", "R", 137.79, 66.93, 0, 270],
		[164, "U_39", 175, 120, "T", "DIP", "$1N1402", "", "C", 66.93, 66.93, 40.16, 270],
		[165, "U_39", 175, 120, "B", "DIP", "$1N1402", "", "C", 66.93, 66.93, 40.16, 270],
		[166, "U_40", 75, 84.57, "B", "SMD", "U_40", "", "R", 137.79, 66.93, 0, 270],
		[167, "U_40", 75, 120, "T", "DIP", "U_A_40", "", "C", 66.93, 66.93, 40.16, 270],
		[168, "U_40", 75, 120, "B", "DIP", "U_A_40", "", "C", 66.93, 66.93, 40.16, 270]
	]
}
}